Workbook
Name Slicer_Cleaned_Vendor: #N/A

Sheet Raw_Transactions
A1: Transaction_ID | B1: Date | C1: Unclean_Vendor_Name | D1: Legacy_Product_ID | E1: Units_Shipped | F1: Gross_Value | G1: Cleaned_Vendor | H1: 2026_Product_ID_Mapping | I1: Unit_Cost_Lookup | J1: Total_Cost_COGS
A2: TXN_2026_00001 | B2: 45726 | C2: Henkel Logistics | D2: LEG_B2 | E2: 16 | F2: 458.26 | G2: =PROPER(TRIM(C2)) -> Henkel Logistics | H2: =IFERROR(_xlfn.XLOOKUP(D2, Product_Master_2026!B:B, Product_Master_2026!A:A), "Discontinued / Review Required") -> PROD_2026_002 | I2: =IFERROR(_xlfn.XLOOKUP(H2, Product_Master_2026!A:A, Product_Master_2026!D:D), 0) -> 18.2 | J2: =E2 * I2 -> 291.2
A3: TXN_2026_00002 | B3: 45866 | C3: henkel logistics | D3: LEG_C3 | E3: 138 | F3: 2838.18 | G3: =PROPER(TRIM(C3)) -> Henkel Logistics | H3: =IFERROR(_xlfn.XLOOKUP(D3, Product_Master_2026!B:B, Product_Master_2026!A:A), "Discontinued / Review Required") -> PROD_2026_003 | I3: =IFERROR(_xlfn.XLOOKUP(H3, Product_Master_2026!A:A, Product_Master_2026!D:D), 0) -> 8.9 | J3: =E3 * I3 -> 1228.2
A4: TXN_2026_00003 | B4: 45942 | C4: henkel logistics | D4: LEG_X99 | E4: 452 | F4: 12901.53 | G4: =PROPER(TRIM(C4)) -> Henkel Logistics | H4: =IFERROR(_xlfn.XLOOKUP(D4, Product_Master_2026!B:B, Product_Master_2026!A:A), "Discontinued / Review Required") -> Discontinued / Review Required | I4: =IFERROR(_xlfn.XLOOKUP(H4, Product_Master_2026!A:A, Product_Master_2026!D:D), 0) -> 0 | J4: =E4 * I4 -> 0
A5: TXN_2026_00004 | B5: 45790 | C5: henkel logistics | D5: LEG_D4 | E5: 337 | F5: 9862.64 | G5: =PROPER(TRIM(C5)) -> Henkel Logistics | H5: =IFERROR(_xlfn.XLOOKUP(D5, Product_Master_2026!B:B, Product_Master_2026!A:A), "Discontinued / Review Required") -> PROD_2026_004 | I5: =IFERROR(_xlfn.XLOOKUP(H5, Product_Master_2026!A:A, Product_Master_2026!D:D), 0) -> 22 | J5: =E5 * I5 -> 7414
A6: TXN_2026_00005 | B6: 45780 | C6: DHL Express | D6: LEG_X99 | E6: 263 | F6: 11645.02 | G6: =PROPER(TRIM(C6)) -> Dhl Express | H6: =IFERROR(_xlfn.XLOOKUP(D6, Product_Master_2026!B:B, Product_Master_2026!A:A), "Discontinued / Review Required") -> Discontinued / Review Required | I6: =IFERROR(_xlfn.XLOOKUP(H6, Product_Master_2026!A:A, Product_Master_2026!D:D), 0) -> 0 | J6: =E6 * I6 -> 0
A7: TXN_2026_00006 | B7: 45883 | C7: fedex global | D7: LEG_A1 | E7: 92 | F7: 3154.9 | G7: =PROPER(TRIM(C7)) -> Fedex Global | H7: =IFERROR(_xlfn.XLOOKUP(D7, Product_Master_2026!B:B, Product_Master_2026!A:A), "Discontinued / Review Required") -> PROD_2026_001 | I7: =IFERROR(_xlfn.XLOOKUP(H7, Product_Master_2026!A:A, Product_Master_2026!D:D), 0) -> 12.5 | J7: =E7 * I7 -> 1150
A8: TXN_2026_00007 | B8: 45980 | C8: Henkel Logistics | D8: LEG_B2 | E8: 211 | F8: 6766.5 | G8: =PROPER(TRIM(C8)) -> Henkel Logistics | H8: =IFERROR(_xlfn.XLOOKUP(D8, Product_Master_2026!B:B, Product_Master_2026!A:A), "Discontinued / Review Required") -> PROD_2026_002 | I8: =IFERROR(_xlfn.XLOOKUP(H8, Product_Master_2026!A:A, Product_Master_2026!D:D), 0) -> 18.2 | J8: =E8 * I8 -> 3840.2
A9: TXN_2026_00008 | B9: 45886 | C9: BlueDart Corp | D9: LEG_D4 | E9: 344 | F9: 10198.14 | G9: =PROPER(TRIM(C9)) -> Bluedart Corp | H9: =IFERROR(_xlfn.XLOOKUP(D9, Product_Master_2026!B:B, Product_Master_2026!A:A), "Discontinued / Review Required") -> PROD_2026_004 | I9: =IFERROR(_xlfn.XLOOKUP(H9, Product_Master_2026!A:A, Product_Master_2026!D:D), 0) -> 22 | J9: =E9 * I9 -> 7568
A10: TXN_2026_00009 | B10: 45797 | C10: dhl express | D10: LEG_X99 | E10: 82 | F10: 3415.91 | G10: =PROPER(TRIM(C10)) -> Dhl Express | H10: =IFERROR(_xlfn.XLOOKUP(D10, Product_Master_2026!B:B, Product_Master_2026!A:A), "Discontinued / Review Required") -> Discontinued / Review Required | I10: =IFERROR(_xlfn.XLOOKUP(H10, Product_Master_2026!A:A, Product_Master_2026!D:D), 0) -> 0 | J10: =E10 * I10 -> 0
A11: TXN_2026_00010 | B11: 45959 | C11: FedEx Global | D11: LEG_D4 | E11: 326 | F11: 7561.39 | G11: =PROPER(TRIM(C11)) -> Fedex Global | H11: =IFERROR(_xlfn.XLOOKUP(D11, Product_Master_2026!B:B, Product_Master_2026!A:A), "Discontinued / Review Required") -> PROD_2026_004 | I11: =IFERROR(_xlfn.XLOOKUP(H11, Product_Master_2026!A:A, Product_Master_2026!D:D), 0) -> 22 | J11: =E11 * I11 -> 7172
A12: TXN_2026_00011 | B12: 45878 | C12: BlueDart Corp | D12: LEG_B2 | E12: 475 | F12: 18579.53 | G12: =PROPER(TRIM(C12)) -> Bluedart Corp | H12: =IFERROR(_xlfn.XLOOKUP(D12, Product_Master_2026!B:B, Product_Master_2026!A:A), "Discontinued / Review Required") -> PROD_2026_002 | I12: =IFERROR(_xlfn.XLOOKUP(H12, Product_Master_2026!A:A, Product_Master_2026!D:D), 0) -> 18.2 | J12: =E12 * I12 -> 8645
A13: TXN_2026_00012 | B13: 45701 | C13: BlueDart Corp | D13: LEG_D4 | E13: 418 | F13: 7081.25 | G13: =PROPER(TRIM(C13)) -> Bluedart Corp | H13: =IFERROR(_xlfn.XLOOKUP(D13, Product_Master_2026!B:B, Product_Master_2026!A:A), "Discontinued / Review Required") -> PROD_2026_004 | I13: =IFERROR(_xlfn.XLOOKUP(H13, Product_Master_2026!A:A, Product_Master_2026!D:D), 0) -> 22 | J13: =E13 * I13 -> 9196
... A10001: TXN_2026_10000 | B10001: 45692 | C10001: Henkel Logistics | D10001: LEG_A1 | E10001: 11 | F10001: 304.28 | G10001: =PROPER(TRIM(C10001)) -> Henkel Logistics | H10001: =IFERROR(_xlfn.XLOOKUP(D10001, Product_Master_2026!B:B, Product_Master_2026!A:A), "Discontinued / Review Required") -> PROD_2026_001 | I10001: =IFERROR(_xlfn.XLOOKUP(H10001, Product_Master_2026!A:A, Product_Master_2026!D:D), 0) -> 12.5 | J10001: =E10001 * I10001 -> 137.5

Sheet Product_Master_2026
A1: New_Product_ID | B1: Legacy_Product_ID | C1: Category | D1: Unit_Cost | E1: Target_Margin_%
A2: PROD_2026_001 | B2: LEG_A1 | C2: Adhesives | D2: 12.5 | E2: 0.45
A3: PROD_2026_002 | B3: LEG_B2 | C3: Sealants | D3: 18.2 | E3: 0.4
A4: PROD_2026_003 | B4: LEG_C3 | C4: Surface Treatments | D4: 8.9 | E4: 0.5
A5: PROD_2026_004 | B5: LEG_D4 | C5: Industrial Coatings | D5: 22 | E5: 0.35
A6: PROD_2026_005 | B6: LEG_E5 | C6: Consumer Glues | D6: 5.4 | E6: 0.6

Sheet Executive_Insights
D1: Global Data Operations & Integrity Audit
A3: Row Labels | B3: Sum of Gross_Value | I3: Row Labels | J3: Count of Transaction_ID
A4: Bluedart Corp | B4: 21881831 | I4: Discontinued / Review Required | J4: 581
A5: Grand Total | B5: 21881831 | I5: PROD_2026_001 | J5: 447
I6: PROD_2026_002 | J6: 426
I7: PROD_2026_003 | J7: 441
I8: PROD_2026_004 | J8: 502
I9: PROD_2026_005 | J9: 424
I10: Grand Total | J10: 2821
